,end_effector_x,end_effector_y,link_01_rotation,link_02_rotation,link_03_rotation
0,2.1209259033203125,2.1216697692871094,225.27153542269295,179.37657416334196,0.46239003970981746
1,2.1209259033203125,2.1216697692871094,225.27153542269295,179.37657416334196,0.46239003970981746
2,2.1209259033203125,2.1216697692871094,225.27153542269295,179.37657416334196,0.46239003970981746
3,2.1209259033203125,2.1216697692871094,225.27153542269295,179.37657416334196,0.46239003970981746
4,2.1209259033203125,2.1216697692871094,225.27153542269295,179.37657416334196,0.46239003970981746
5,2.1209259033203125,2.1216697692871094,225.27153542269295,179.37657416334196,0.46239003970981746
6,2.1209259033203125,2.1216697692871094,225.27153542269295,179.37657416334196,0.46239003970981746
7,2.1209259033203125,2.1216697692871094,225.27153542269295,179.37657416334196,0.46239003970981746
8,2.1209259033203125,2.1216697692871094,225.27153542269295,179.37657416334196,0.46239003970981746
9,2.1209259033203125,2.1216697692871094,225.27153542269295,179.37657416334196,0.46239003970981746
10,2.1209259033203125,2.1216697692871094,225.27153542269295,179.37657416334196,0.46239003970981746
11,2.1209259033203125,2.1216697692871094,225.27153542269295,179.37657416334196,0.46239003970981746
12,2.1209259033203125,2.1216697692871094,225.27153542269295,179.37657416334196,0.46239003970981746
13,2.1209259033203125,2.1216697692871094,225.27153542269295,179.37657416334196,0.46239003970981746
14,2.1209259033203125,2.1216697692871094,225.27153542269295,179.37657416334196,0.46239003970981746
15,2.1209259033203125,2.1216697692871094,225.27153542269295,179.37657416334196,0.46239003970981746
16,2.1209259033203125,2.1216697692871094,225.27153542269295,179.37657416334196,0.46239003970981746
17,2.1209259033203125,2.1216697692871094,225.27153542269295,179.37657416334196,0.46239003970981746
18,2.1209259033203125,2.1216697692871094,225.27153542269295,179.37657416334196,0.46239003970981746
19,2.1209259033203125,2.1216697692871094,225.27153542269295,179.37657416334196,0.46239003970981746
20,2.1209259033203125,2.1216697692871094,225.27153542269295,179.37657416334196,0.46239003970981746
21,2.1209259033203125,2.1216697692871094,225.27153542269295,179.37657416334196,0.46239003970981746
22,2.1209259033203125,2.1216697692871094,225.27153542269295,179.37657416334196,0.46239003970981746
23,2.1209259033203125,2.1216697692871094,225.27153542269295,179.37657416334196,0.46239003970981746
24,2.1209259033203125,2.1216697692871094,225.27153542269295,179.37657416334196,0.46239003970981746
25,2.1209259033203125,2.1216697692871094,225.27153542269295,179.37657416334196,0.46239003970981746
26,2.1209259033203125,2.1216697692871094,225.27153542269295,179.37657416334196,0.46239003970981746
27,2.1209259033203125,2.1216697692871094,225.27153542269295,179.37657416334196,0.46239003970981746
28,2.1209259033203125,2.1216697692871094,225.27153542269295,179.37657416334196,0.46239003970981746
29,2.1209259033203125,2.1216697692871094,225.27153542269295,179.37657416334196,0.46239003970981746
30,2.1209259033203125,2.1216697692871094,225.27153542269295,179.37657416334196,0.46239003970981746
31,2.1209259033203125,2.1216697692871094,225.27153542269295,179.37657416334196,0.46239003970981746
32,2.1209259033203125,2.1216697692871094,225.27153542269295,179.37657416334196,0.46239003970981746
33,2.1209259033203125,2.1216697692871094,225.27153542269295,179.37657416334196,0.46239003970981746
34,2.1209259033203125,2.1216697692871094,225.27153542269295,179.37657416334196,0.46239003970981746
35,2.1209259033203125,2.1216697692871094,225.27153542269295,179.37657416334196,0.46239003970981746
36,2.1209259033203125,2.1216697692871094,225.27153542269295,179.37657416334196,0.46239003970981746
37,2.1209259033203125,2.1216697692871094,225.27153542269295,179.37657416334196,0.46239003970981746
38,2.1209259033203125,2.1216697692871094,225.27153542269295,179.37657416334196,0.46239003970981746
39,2.1209259033203125,2.1216697692871094,225.27153542269295,179.37657416334196,0.46239003970981746
40,2.1209259033203125,2.1216697692871094,225.27153542269295,179.37657416334196,0.46239003970981746
41,2.1209259033203125,2.1216697692871094,225.27153542269295,179.37657416334196,0.46239003970981746
42,2.1209259033203125,2.1216697692871094,225.27153542269295,179.37657416334196,0.46239003970981746
43,2.1209259033203125,2.1216697692871094,225.27153542269295,179.37657416334196,0.46239003970981746
44,2.1209259033203125,2.1216697692871094,225.27153542269295,179.37657416334196,0.46239003970981746
45,2.1209259033203125,2.1216697692871094,225.27153542269295,179.37657416334196,0.46239003970981746
46,2.1209259033203125,2.1216697692871094,225.27153542269295,179.37657416334196,0.46239003970981746
47,2.1209259033203125,2.1216697692871094,225.27153542269295,179.37657416334196,0.46239003970981746
48,2.1209259033203125,2.1216697692871094,225.27153542269295,179.37657416334196,0.46239003970981746
49,2.1209259033203125,2.1216697692871094,225.27153542269295,179.37657416334196,0.46239003970981746
50,2.1209259033203125,2.1216697692871094,225.27153542269295,179.37657416334196,0.46239003970981746
51,2.1209259033203125,2.1216697692871094,225.27153542269295,179.37657416334196,0.46239003970981746
52,2.1209259033203125,2.1216697692871094,225.27153542269295,179.37657416334196,0.46239003970981746
53,2.1209259033203125,2.1216697692871094,225.27153542269295,179.37657416334196,0.46239003970981746
54,2.1209259033203125,2.1216697692871094,225.27153542269295,179.37657416334196,0.46239003970981746
55,2.1209259033203125,2.1216697692871094,225.27153542269295,179.37657416334196,0.46239003970981746
56,2.1209259033203125,2.1216697692871094,225.27153542269295,179.37657416334196,0.46239003970981746
57,2.1209259033203125,2.1216697692871094,225.27153542269295,179.37657416334196,0.46239003970981746
58,2.1209259033203125,2.1216697692871094,225.27153542269295,179.37657416334196,0.46239003970981746
59,2.1209259033203125,2.1216697692871094,225.27153542269295,179.37657416334196,0.46239003970981746
60,2.1209259033203125,2.1216697692871094,225.27153542269295,179.37657416334196,0.46239003970981746
61,2.1209259033203125,2.1216697692871094,225.27153542269295,179.37657416334196,0.46239003970981746
62,2.1209259033203125,2.1216697692871094,225.27153542269295,179.37657416334196,0.46239003970981746
63,2.1209259033203125,2.1216697692871094,225.27153542269295,179.37657416334196,0.46239003970981746
64,2.1209259033203125,2.1216697692871094,225.27153542269295,179.37657416334196,0.46239003970981746
65,2.1209259033203125,2.1216697692871094,225.27153542269295,179.37657416334196,0.46239003970981746
66,2.1209259033203125,2.1216697692871094,225.27153542269295,179.37657416334196,0.46239003970981746
67,2.1209259033203125,2.1216697692871094,225.27153542269295,179.37657416334196,0.46239003970981746
68,2.1209259033203125,2.1216697692871094,225.27153542269295,179.37657416334196,0.46239003970981746
69,2.1209259033203125,2.1216697692871094,225.27153542269295,179.37657416334196,0.46239003970981746
70,2.1209259033203125,2.1216697692871094,225.27153542269295,179.37657416334196,0.46239003970981746
71,2.1209259033203125,2.1216697692871094,225.27153542269295,179.37657416334196,0.46239003970981746
72,2.1209259033203125,2.1216697692871094,225.27153542269295,179.37657416334196,0.46239003970981746
73,2.1209259033203125,2.1216697692871094,225.27153542269295,179.37657416334196,0.46239003970981746
74,2.1209259033203125,2.1216697692871094,225.27153542269295,179.37657416334196,0.46239003970981746
75,2.1209259033203125,2.1216697692871094,225.27153542269295,179.37657416334196,0.46239003970981746
76,2.1209259033203125,2.1216697692871094,225.27153542269295,179.37657416334196,0.46239003970981746
77,2.1209259033203125,2.1216697692871094,225.27153542269295,179.37657416334196,0.46239003970981746
78,2.1209259033203125,2.1216697692871094,225.27153542269295,179.37657416334196,0.46239003970981746
79,2.1209259033203125,2.1216697692871094,225.27153542269295,179.37657416334196,0.46239003970981746
80,2.1209259033203125,2.1216697692871094,225.27153542269295,179.37657416334196,0.46239003970981746
81,2.1209259033203125,2.1216697692871094,225.27153542269295,179.37657416334196,0.46239003970981746
82,2.1209259033203125,2.1216697692871094,225.27153542269295,179.37657416334196,0.46239003970981746
83,2.1209259033203125,2.1216697692871094,225.27153542269295,179.37657416334196,0.46239003970981746
84,2.1209259033203125,2.1216697692871094,225.27153542269295,179.37657416334196,0.46239003970981746
85,2.1209259033203125,2.1216697692871094,225.27153542269295,179.37657416334196,0.46239003970981746
86,2.1209259033203125,2.1216697692871094,225.27153542269295,179.37657416334196,0.46239003970981746
87,2.1209259033203125,2.1216697692871094,225.27153542269295,179.37657416334196,0.46239003970981746
88,2.1209259033203125,2.1216697692871094,225.27153542269295,179.37657416334196,0.46239003970981746
89,2.1209259033203125,2.1216697692871094,225.27153542269295,179.37657416334196,0.46239003970981746
90,2.1209259033203125,2.1216697692871094,225.27153542269295,179.37657416334196,0.46239003970981746
91,2.1209259033203125,2.1216697692871094,225.27153542269295,179.37657416334196,0.46239003970981746
92,2.1209259033203125,2.1216697692871094,225.27153542269295,179.37657416334196,0.46239003970981746
93,2.1209259033203125,2.1216697692871094,225.27153542269295,179.37657416334196,0.46239003970981746
94,2.1209259033203125,2.1216697692871094,225.27153542269295,179.37657416334196,0.46239003970981746
95,2.1209259033203125,2.1216697692871094,225.27153542269295,179.37657416334196,0.46239003970981746
96,2.1209259033203125,2.1216697692871094,225.27153542269295,179.37657416334196,0.46239003970981746
97,2.1209259033203125,2.1216697692871094,225.27153542269295,179.37657416334196,0.46239003970981746
98,2.1209259033203125,2.1216697692871094,225.27153542269295,179.37657416334196,0.46239003970981746
99,2.1209259033203125,2.1216697692871094,225.27153542269295,179.37657416334196,0.46239003970981746
100,2.1209259033203125,2.1216697692871094,225.27153542269295,179.37657416334196,0.46239003970981746
101,2.1209259033203125,2.1216697692871094,225.27153542269295,179.37657416334196,0.46239003970981746
102,2.1209259033203125,2.1216697692871094,225.27153542269295,179.37657416334196,0.46239003970981746
103,2.1209259033203125,2.1216697692871094,225.27153542269295,179.37657416334196,0.46239003970981746
104,2.1209259033203125,2.1216697692871094,225.27153542269295,179.37657416334196,0.46239003970981746
105,2.1209259033203125,2.1216697692871094,225.27153542269295,179.37657416334196,0.46239003970981746
106,2.1209259033203125,2.1216697692871094,225.27153542269295,179.37657416334196,0.46239003970981746
107,2.1209259033203125,2.1216697692871094,225.27153542269295,179.37657416334196,0.46239003970981746
108,2.1209259033203125,2.1216697692871094,225.27153542269295,179.37657416334196,0.46239003970981746
109,2.1209259033203125,2.1216697692871094,225.27153542269295,179.37657416334196,0.46239003970981746
110,2.1209259033203125,2.1216697692871094,225.27153542269295,179.37657416334196,0.46239003970981746
111,2.1209259033203125,2.1216697692871094,225.27153542269295,179.37657416334196,0.46239003970981746
112,2.1209259033203125,2.1216697692871094,225.27153542269295,179.37657416334196,0.46239003970981746
113,2.1209259033203125,2.1216697692871094,225.27153542269295,179.37657416334196,0.46239003970981746
114,2.1209259033203125,2.1216697692871094,225.27153542269295,179.37657416334196,0.46239003970981746
115,2.1209259033203125,2.1216697692871094,225.27153542269295,179.37657416334196,0.46239003970981746
116,2.1209259033203125,2.1216697692871094,225.27153542269295,179.37657416334196,0.46239003970981746
117,2.1209259033203125,2.1216697692871094,225.27153542269295,179.37657416334196,0.46239003970981746
118,2.1209259033203125,2.1216697692871094,225.27153542269295,179.37657416334196,0.46239003970981746
119,2.1209259033203125,2.1216697692871094,225.27153542269295,179.37657416334196,0.46239003970981746
120,2.1209259033203125,2.1216697692871094,225.27153542269295,179.37657416334196,0.46239003970981746
121,2.1209259033203125,2.1216697692871094,225.27153542269295,179.37657416334196,0.46239003970981746
122,2.1209259033203125,2.1216697692871094,225.27153542269295,179.37657416334196,0.46239003970981746
123,2.1209259033203125,2.1216697692871094,225.27153542269295,179.37657416334196,0.46239003970981746
124,2.1209259033203125,2.1216697692871094,225.27153542269295,179.37657416334196,0.46239003970981746
125,2.1209259033203125,2.1216697692871094,225.27153542269295,179.37657416334196,0.46239003970981746
126,2.1209259033203125,2.1216697692871094,225.27153542269295,179.37657416334196,0.46239003970981746
127,2.1209259033203125,2.1216697692871094,225.27153542269295,179.37657416334196,0.46239003970981746
128,2.1209259033203125,2.1216697692871094,225.27153542269295,179.37657416334196,0.46239003970981746
129,2.1209259033203125,2.1216697692871094,225.27153542269295,179.37657416334196,0.46239003970981746
130,2.1209259033203125,2.1216697692871094,225.27153542269295,179.37657416334196,0.46239003970981746
131,2.1209259033203125,2.1216697692871094,225.27153542269295,179.37657416334196,0.46239003970981746
132,2.1209259033203125,2.1216697692871094,225.27153542269295,179.37657416334196,0.46239003970981746
133,2.1209259033203125,2.1216697692871094,225.27153542269295,179.37657416334196,0.46239003970981746
134,2.1209259033203125,2.1216697692871094,225.27153542269295,179.37657416334196,0.46239003970981746
135,2.1209259033203125,2.1216697692871094,225.27153542269295,179.37657416334196,0.46239003970981746
136,2.1209259033203125,2.1216697692871094,225.27153542269295,179.37657416334196,0.46239003970981746
137,2.1209259033203125,2.1216697692871094,225.27153542269295,179.37657416334196,0.46239003970981746
138,2.1209259033203125,2.1216697692871094,225.27153542269295,179.37657416334196,0.46239003970981746
139,2.1209259033203125,2.1216697692871094,225.27153542269295,179.37657416334196,0.46239003970981746
140,2.1209259033203125,2.1216697692871094,225.27153542269295,179.37657416334196,0.46239003970981746
141,2.1209259033203125,2.1216697692871094,225.27153542269295,179.37657416334196,0.46239003970981746
142,2.1209259033203125,2.1216697692871094,225.27153542269295,179.37657416334196,0.46239003970981746
143,2.1209259033203125,2.1216697692871094,225.27153542269295,179.37657416334196,0.46239003970981746
144,2.1209259033203125,2.1216697692871094,225.27153542269295,179.37657416334196,0.46239003970981746
145,2.1209259033203125,2.1216697692871094,225.27153542269295,179.37657416334196,0.46239003970981746
146,2.1209259033203125,2.1216697692871094,225.27153542269295,179.37657416334196,0.46239003970981746
147,2.1209259033203125,2.1216697692871094,225.27153542269295,179.37657416334196,0.46239003970981746
148,2.1209259033203125,2.1216697692871094,225.27153542269295,179.37657416334196,0.46239003970981746
149,2.1209259033203125,2.1216697692871094,225.27153542269295,179.37657416334196,0.46239003970981746
150,2.1209259033203125,2.1216697692871094,225.27153542269295,179.37657416334196,0.46239003970981746
151,2.1209259033203125,2.1216697692871094,225.27153542269295,179.37657416334196,0.46239003970981746
152,2.1209259033203125,2.1216697692871094,225.27153542269295,179.37657416334196,0.46239003970981746
153,2.1209259033203125,2.1216697692871094,225.27153542269295,179.37657416334196,0.46239003970981746
154,2.1209259033203125,2.1216697692871094,225.27153542269295,179.37657416334196,0.46239003970981746
155,2.1209259033203125,2.1216697692871094,225.27153542269295,179.37657416334196,0.46239003970981746
156,2.1209259033203125,2.1216697692871094,225.27153542269295,179.37657416334196,0.46239003970981746
157,2.1209259033203125,2.1216697692871094,225.27153542269295,179.37657416334196,0.46239003970981746
158,2.1209259033203125,2.1216697692871094,225.27153542269295,179.37657416334196,0.46239003970981746
159,2.1209259033203125,2.1216697692871094,225.27153542269295,179.37657416334196,0.46239003970981746
160,2.1209259033203125,2.1216697692871094,225.27153542269295,179.37657416334196,0.46239003970981746
161,2.1209259033203125,2.1216697692871094,225.27153542269295,179.37657416334196,0.46239003970981746
162,2.1209259033203125,2.1216697692871094,225.27153542269295,179.37657416334196,0.46239003970981746
163,2.1209259033203125,2.1216697692871094,225.27153542269295,179.37657416334196,0.46239003970981746
164,2.1209259033203125,2.1216697692871094,225.27153542269295,179.37657416334196,0.46239003970981746
165,2.1209259033203125,2.1216697692871094,225.27153542269295,179.37657416334196,0.46239003970981746
166,2.1209259033203125,2.1216697692871094,225.27153542269295,179.37657416334196,0.46239003970981746
167,2.1209259033203125,2.1216697692871094,225.27153542269295,179.37657416334196,0.46239003970981746
168,2.1209259033203125,2.1216697692871094,225.27153542269295,179.37657416334196,0.46239003970981746
169,2.1209259033203125,2.1216697692871094,225.27153542269295,179.37657416334196,0.46239003970981746
170,2.1209259033203125,2.1216697692871094,225.27153542269295,179.37657416334196,0.46239003970981746
171,2.1209259033203125,2.1216697692871094,225.27153542269295,179.37657416334196,0.46239003970981746
172,2.1209259033203125,2.1216697692871094,225.27153542269295,179.37657416334196,0.46239003970981746
173,2.1209259033203125,2.1216697692871094,225.27153542269295,179.37657416334196,0.46239003970981746
174,2.1209259033203125,2.1216697692871094,225.27153542269295,179.37657416334196,0.46239003970981746
175,2.1209259033203125,2.1216697692871094,225.27153542269295,179.37657416334196,0.46239003970981746
176,2.1209259033203125,2.1216697692871094,225.27153542269295,179.37657416334196,0.46239003970981746
177,2.1209259033203125,2.1216697692871094,225.27153542269295,179.37657416334196,0.46239003970981746
178,2.1209259033203125,2.1216697692871094,225.27153542269295,179.37657416334196,0.46239003970981746
179,2.1209259033203125,2.1216697692871094,225.27153542269295,179.37657416334196,0.46239003970981746
180,2.1209259033203125,2.1216697692871094,225.27153542269295,179.37657416334196,0.46239003970981746
181,2.1209259033203125,2.1216697692871094,225.27153542269295,179.37657416334196,0.46239003970981746
182,2.1209259033203125,2.1216697692871094,225.27153542269295,179.37657416334196,0.46239003970981746
183,2.1209259033203125,2.1216697692871094,225.27153542269295,179.37657416334196,0.46239003970981746
184,2.1209259033203125,2.1216697692871094,225.27153542269295,179.37657416334196,0.46239003970981746
185,2.1209259033203125,2.1216697692871094,225.27153542269295,179.37657416334196,0.46239003970981746
186,2.1209259033203125,2.1216697692871094,225.27153542269295,179.37657416334196,0.46239003970981746
187,2.1209259033203125,2.1216697692871094,225.27153542269295,179.37657416334196,0.46239003970981746
188,2.1209259033203125,2.1216697692871094,225.27153542269295,179.37657416334196,0.46239003970981746
189,2.1209259033203125,2.1216697692871094,225.27153542269295,179.37657416334196,0.46239003970981746
190,2.1209259033203125,2.1216697692871094,225.27153542269295,179.37657416334196,0.46239003970981746
191,2.1209259033203125,2.1216697692871094,225.27153542269295,179.37657416334196,0.46239003970981746
192,2.1209259033203125,2.1216697692871094,225.27153542269295,179.37657416334196,0.46239003970981746
193,2.1209259033203125,2.1216697692871094,225.27153542269295,179.37657416334196,0.46239003970981746
194,2.1209259033203125,2.1216697692871094,225.27153542269295,179.37657416334196,0.46239003970981746
195,2.1209259033203125,2.1216697692871094,225.27153542269295,179.37657416334196,0.46239003970981746
196,2.1209259033203125,2.1216697692871094,225.27153542269295,179.37657416334196,0.46239003970981746
197,2.1209259033203125,2.1216697692871094,225.27153542269295,179.37657416334196,0.46239003970981746
198,2.1209259033203125,2.1216697692871094,225.27153542269295,179.37657416334196,0.46239003970981746
199,2.1209259033203125,2.1216697692871094,225.27153542269295,179.37657416334196,0.46239003970981746
200,2.1209259033203125,2.1216697692871094,225.27153542269295,179.37657416334196,0.46239003970981746
201,2.1209259033203125,2.1216697692871094,225.27153542269295,179.37657416334196,0.46239003970981746
202,2.1209259033203125,2.1216697692871094,225.27153542269295,179.37657416334196,0.46239003970981746
203,2.1209259033203125,2.1216697692871094,225.27153542269295,179.37657416334196,0.46239003970981746
204,2.1209259033203125,2.1216697692871094,225.27153542269295,179.37657416334196,0.46239003970981746
205,2.1209259033203125,2.1216697692871094,225.27153542269295,179.37657416334196,0.46239003970981746
206,2.1209259033203125,2.1216697692871094,225.27153542269295,179.37657416334196,0.46239003970981746
207,2.1209259033203125,2.1216697692871094,225.27153542269295,179.37657416334196,0.46239003970981746
208,2.1209259033203125,2.1216697692871094,225.27153542269295,179.37657416334196,0.46239003970981746
209,2.1209259033203125,2.1216697692871094,225.27153542269295,179.37657416334196,0.46239003970981746
210,2.1209259033203125,2.1216697692871094,225.27153542269295,179.37657416334196,0.46239003970981746
211,2.1209259033203125,2.1216697692871094,225.27153542269295,179.37657416334196,0.46239003970981746
212,2.1209259033203125,2.1216697692871094,225.27153542269295,179.37657416334196,0.46239003970981746
213,2.1209259033203125,2.1216697692871094,225.27153542269295,179.37657416334196,0.46239003970981746
214,2.1209259033203125,2.1216697692871094,225.27153542269295,179.37657416334196,0.46239003970981746
215,2.1209259033203125,2.1216697692871094,225.27153542269295,179.37657416334196,0.46239003970981746
216,2.1209259033203125,2.1216697692871094,225.27153542269295,179.37657416334196,0.46239003970981746
217,2.1209259033203125,2.1216697692871094,225.27153542269295,179.37657416334196,0.46239003970981746
218,2.1209259033203125,2.1216697692871094,225.27153542269295,179.37657416334196,0.46239003970981746
219,2.1209259033203125,2.1216697692871094,225.27153542269295,179.37657416334196,0.46239003970981746
220,2.1209259033203125,2.1216697692871094,225.27153542269295,179.37657416334196,0.46239003970981746
221,2.1209259033203125,2.1216697692871094,225.27153542269295,179.37657416334196,0.46239003970981746
222,2.1209259033203125,2.1216697692871094,225.27153542269295,179.37657416334196,0.46239003970981746
223,2.1209259033203125,2.1216697692871094,225.27153542269295,179.37657416334196,0.46239003970981746
224,2.1209259033203125,2.1216697692871094,225.27153542269295,179.37657416334196,0.46239003970981746
225,2.1209259033203125,2.1216697692871094,225.27153542269295,179.37657416334196,0.46239003970981746
226,2.1209259033203125,2.1216697692871094,225.27153542269295,179.37657416334196,0.46239003970981746
227,2.1209259033203125,2.1216697692871094,225.27153542269295,179.37657416334196,0.46239003970981746
228,2.1209259033203125,2.1216697692871094,225.27153542269295,179.37657416334196,0.46239003970981746
229,2.1209259033203125,2.1216697692871094,225.27153542269295,179.37657416334196,0.46239003970981746
230,2.1209259033203125,2.1216697692871094,225.27153542269295,179.37657416334196,0.46239003970981746
231,2.1209259033203125,2.1216697692871094,225.27153542269295,179.37657416334196,0.46239003970981746
232,2.1209259033203125,2.1216697692871094,225.27153542269295,179.37657416334196,0.46239003970981746
233,2.1209259033203125,2.1216697692871094,225.27153542269295,179.37657416334196,0.46239003970981746
234,2.1209259033203125,2.1216697692871094,225.27153542269295,179.37657416334196,0.46239003970981746
235,2.1209259033203125,2.1216697692871094,225.27153542269295,179.37657416334196,0.46239003970981746
236,2.1209259033203125,2.1216697692871094,225.27153542269295,179.37657416334196,0.46239003970981746
237,2.1209259033203125,2.1216697692871094,225.27153542269295,179.37657416334196,0.46239003970981746
238,2.1209259033203125,2.1216697692871094,225.27153542269295,179.37657416334196,0.46239003970981746
239,2.1209259033203125,2.1216697692871094,225.27153542269295,179.37657416334196,0.46239003970981746
240,2.1209259033203125,2.1216697692871094,225.27153542269295,179.37657416334196,0.46239003970981746
241,2.1209259033203125,2.1216697692871094,225.27153542269295,179.37657416334196,0.46239003970981746
242,2.1209259033203125,2.1216697692871094,225.27153542269295,179.37657416334196,0.46239003970981746
243,2.1209259033203125,2.1216697692871094,225.27153542269295,179.37657416334196,0.46239003970981746
244,2.1209259033203125,2.1216697692871094,225.27153542269295,179.37657416334196,0.46239003970981746
245,2.1209259033203125,2.1216697692871094,225.27153542269295,179.37657416334196,0.46239003970981746
246,2.1209259033203125,2.1216697692871094,225.27153542269295,179.37657416334196,0.46239003970981746
247,2.1209259033203125,2.1216697692871094,225.27153542269295,179.37657416334196,0.46239003970981746
248,2.1209259033203125,2.1216697692871094,225.27153542269295,179.37657416334196,0.46239003970981746
249,2.1209259033203125,2.1216697692871094,225.27153542269295,179.37657416334196,0.46239003970981746
250,2.1209259033203125,2.1216697692871094,225.27153542269295,179.37657416334196,0.46239003970981746
251,2.1209259033203125,2.1216697692871094,225.27153542269295,179.37657416334196,0.46239003970981746
252,2.1209259033203125,2.1216697692871094,225.27153542269295,179.37657416334196,0.46239003970981746
253,2.1209259033203125,2.1216697692871094,225.27153542269295,179.37657416334196,0.46239003970981746
254,2.1209259033203125,2.1216697692871094,225.27153542269295,179.37657416334196,0.46239003970981746
255,2.1209259033203125,2.1216697692871094,225.27153542269295,179.37657416334196,0.46239003970981746
256,2.1209259033203125,2.1216697692871094,225.27153542269295,179.37657416334196,0.46239003970981746
257,2.1209259033203125,2.1216697692871094,225.27153542269295,179.37657416334196,0.46239003970981746
258,2.1209259033203125,2.1216697692871094,225.27153542269295,179.37657416334196,0.46239003970981746
259,2.1209259033203125,2.1216697692871094,225.27153542269295,179.37657416334196,0.46239003970981746
260,2.1209259033203125,2.1216697692871094,225.27153542269295,179.37657416334196,0.46239003970981746
261,2.1209259033203125,2.1216697692871094,225.27153542269295,179.37657416334196,0.46239003970981746
262,2.1209259033203125,2.1216697692871094,225.27153542269295,179.37657416334196,0.46239003970981746
263,2.1209259033203125,2.1216697692871094,225.27153542269295,179.37657416334196,0.46239003970981746
264,2.1209259033203125,2.1216697692871094,225.27153542269295,179.37657416334196,0.46239003970981746
265,2.1209259033203125,2.1216697692871094,225.27153542269295,179.37657416334196,0.46239003970981746
266,2.1209259033203125,2.1216697692871094,225.27153542269295,179.37657416334196,0.46239003970981746
267,2.1209259033203125,2.1216697692871094,225.27153542269295,179.37657416334196,0.46239003970981746
268,2.1209259033203125,2.1216697692871094,225.27153542269295,179.37657416334196,0.46239003970981746
269,2.1209259033203125,2.1216697692871094,225.27153542269295,179.37657416334196,0.46239003970981746
270,2.1209259033203125,2.1216697692871094,225.27153542269295,179.37657416334196,0.46239003970981746
271,2.1209259033203125,2.1216697692871094,225.27153542269295,179.37657416334196,0.46239003970981746
272,2.1209259033203125,2.1216697692871094,225.27153542269295,179.37657416334196,0.46239003970981746
273,2.1209259033203125,2.1216697692871094,225.27153542269295,179.37657416334196,0.46239003970981746
274,2.1209259033203125,2.1216697692871094,225.27153542269295,179.37657416334196,0.46239003970981746
275,2.1209259033203125,2.1216697692871094,225.27153542269295,179.37657416334196,0.46239003970981746
276,2.1209259033203125,2.1216697692871094,225.27153542269295,179.37657416334196,0.46239003970981746
277,2.1209259033203125,2.1216697692871094,225.27153542269295,179.37657416334196,0.46239003970981746
278,2.1209259033203125,2.1216697692871094,225.27153542269295,179.37657416334196,0.46239003970981746
279,2.1209259033203125,2.1216697692871094,225.27153542269295,179.37657416334196,0.46239003970981746
280,2.1209259033203125,2.1216697692871094,225.27153542269295,179.37657416334196,0.46239003970981746
281,2.1209259033203125,2.1216697692871094,225.27153542269295,179.37657416334196,0.46239003970981746
282,2.1209259033203125,2.1216697692871094,225.27153542269295,179.37657416334196,0.46239003970981746
283,2.1209259033203125,2.1216697692871094,225.27153542269295,179.37657416334196,0.46239003970981746
284,2.1209259033203125,2.1216697692871094,225.27153542269295,179.37657416334196,0.46239003970981746
285,2.1209259033203125,2.1216697692871094,225.27153542269295,179.37657416334196,0.46239003970981746
286,2.1209259033203125,2.1216697692871094,225.27153542269295,179.37657416334196,0.46239003970981746
287,2.1209259033203125,2.1216697692871094,225.27153542269295,179.37657416334196,0.46239003970981746
288,2.1209259033203125,2.1216697692871094,225.27153542269295,179.37657416334196,0.46239003970981746
289,2.1209259033203125,2.1216697692871094,225.27153542269295,179.37657416334196,0.46239003970981746
290,2.1209259033203125,2.1216697692871094,225.27153542269295,179.37657416334196,0.46239003970981746
291,2.1209259033203125,2.1216697692871094,225.27153542269295,179.37657416334196,0.46239003970981746
292,2.1209259033203125,2.1216697692871094,225.27153542269295,179.37657416334196,0.46239003970981746
293,2.1209259033203125,2.1216697692871094,225.27153542269295,179.37657416334196,0.46239003970981746
294,2.1209259033203125,2.1216697692871094,225.27153542269295,179.37657416334196,0.46239003970981746
295,2.1209259033203125,2.1216697692871094,225.27153542269295,179.37657416334196,0.46239003970981746
296,2.1209259033203125,2.1216697692871094,225.27153542269295,179.37657416334196,0.46239003970981746
297,2.1209259033203125,2.1216697692871094,225.27153542269295,179.37657416334196,0.46239003970981746
298,2.1209259033203125,2.1216697692871094,225.27153542269295,179.37657416334196,0.46239003970981746
299,2.1209259033203125,2.1216697692871094,225.27153542269295,179.37657416334196,0.46239003970981746
300,2.1209259033203125,2.1216697692871094,225.27153542269295,179.37657416334196,0.46239003970981746
301,2.1209259033203125,2.1216697692871094,225.27153542269295,179.37657416334196,0.46239003970981746
302,2.1209259033203125,2.1216697692871094,225.27153542269295,179.37657416334196,0.46239003970981746
303,2.1209259033203125,2.1216697692871094,225.27153542269295,179.37657416334196,0.46239003970981746
304,2.1209259033203125,2.1216697692871094,225.27153542269295,179.37657416334196,0.46239003970981746
305,2.1209259033203125,2.1216697692871094,225.27153542269295,179.37657416334196,0.46239003970981746
306,2.1209259033203125,2.1216697692871094,225.27153542269295,179.37657416334196,0.46239003970981746
307,2.1209259033203125,2.1216697692871094,225.27153542269295,179.37657416334196,0.46239003970981746
308,2.1209259033203125,2.1216697692871094,225.27153542269295,179.37657416334196,0.46239003970981746
309,2.1209259033203125,2.1216697692871094,225.27153542269295,179.37657416334196,0.46239003970981746
310,2.1209259033203125,2.1216697692871094,225.27153542269295,179.37657416334196,0.46239003970981746
311,2.1209259033203125,2.1216697692871094,225.27153542269295,179.37657416334196,0.46239003970981746
312,2.1209259033203125,2.1216697692871094,225.27153542269295,179.37657416334196,0.46239003970981746
313,2.1209259033203125,2.1216697692871094,225.27153542269295,179.37657416334196,0.46239003970981746
314,2.1209259033203125,2.1216697692871094,225.27153542269295,179.37657416334196,0.46239003970981746
315,2.1209259033203125,2.1216697692871094,225.27153542269295,179.37657416334196,0.46239003970981746
316,2.1209259033203125,2.1216697692871094,225.27153542269295,179.37657416334196,0.46239003970981746
317,2.1209259033203125,2.1216697692871094,225.27153542269295,179.37657416334196,0.46239003970981746
318,2.1209259033203125,2.1216697692871094,225.27153542269295,179.37657416334196,0.46239003970981746
319,2.1209259033203125,2.1216697692871094,225.27153542269295,179.37657416334196,0.46239003970981746
320,2.1209259033203125,2.1216697692871094,225.27153542269295,179.37657416334196,0.46239003970981746
321,2.1209259033203125,2.1216697692871094,225.27153542269295,179.37657416334196,0.46239003970981746
322,2.1209259033203125,2.1216697692871094,225.27153542269295,179.37657416334196,0.46239003970981746
323,2.1209259033203125,2.1216697692871094,225.27153542269295,179.37657416334196,0.46239003970981746
324,2.1209259033203125,2.1216697692871094,225.27153542269295,179.37657416334196,0.46239003970981746
325,2.1209259033203125,2.1216697692871094,225.27153542269295,179.37657416334196,0.46239003970981746
326,2.1209259033203125,2.1216697692871094,225.27153542269295,179.37657416334196,0.46239003970981746
327,2.1209259033203125,2.1216697692871094,225.27153542269295,179.37657416334196,0.46239003970981746
328,2.1209259033203125,2.1216697692871094,225.27153542269295,179.37657416334196,0.46239003970981746
329,2.1209259033203125,2.1216697692871094,225.27153542269295,179.37657416334196,0.46239003970981746
330,2.1209259033203125,2.1216697692871094,225.27153542269295,179.37657416334196,0.46239003970981746
331,2.1209259033203125,2.1216697692871094,225.27153542269295,179.37657416334196,0.46239003970981746
332,2.1209259033203125,2.1216697692871094,225.27153542269295,179.37657416334196,0.46239003970981746
333,2.1209259033203125,2.1216697692871094,225.27153542269295,179.37657416334196,0.46239003970981746
334,2.1209259033203125,2.1216697692871094,225.27153542269295,179.37657416334196,0.46239003970981746
335,2.1209259033203125,2.1216697692871094,225.27153542269295,179.37657416334196,0.46239003970981746
336,2.1209259033203125,2.1216697692871094,225.27153542269295,179.37657416334196,0.46239003970981746
337,2.1209259033203125,2.1216697692871094,225.27153542269295,179.37657416334196,0.46239003970981746
338,2.1209259033203125,2.1216697692871094,225.27153542269295,179.37657416334196,0.46239003970981746
339,2.1209259033203125,2.1216697692871094,225.27153542269295,179.37657416334196,0.46239003970981746
340,2.1209259033203125,2.1216697692871094,225.27153542269295,179.37657416334196,0.46239003970981746
341,2.1209259033203125,2.1216697692871094,225.27153542269295,179.37657416334196,0.46239003970981746
342,2.1209259033203125,2.1216697692871094,225.27153542269295,179.37657416334196,0.46239003970981746
343,2.1209259033203125,2.1216697692871094,225.27153542269295,179.37657416334196,0.46239003970981746
344,2.1209259033203125,2.1216697692871094,225.27153542269295,179.37657416334196,0.46239003970981746
345,2.1209259033203125,2.1216697692871094,225.27153542269295,179.37657416334196,0.46239003970981746
346,2.1209259033203125,2.1216697692871094,225.27153542269295,179.37657416334196,0.46239003970981746
347,2.1209259033203125,2.1216697692871094,225.27153542269295,179.37657416334196,0.46239003970981746
348,2.1209259033203125,2.1216697692871094,225.27153542269295,179.37657416334196,0.46239003970981746
349,2.1209259033203125,2.1216697692871094,225.27153542269295,179.37657416334196,0.46239003970981746
350,2.1209259033203125,2.1216697692871094,225.27153542269295,179.37657416334196,0.46239003970981746
351,2.1209259033203125,2.1216697692871094,225.27153542269295,179.37657416334196,0.46239003970981746
352,2.1209259033203125,2.1216697692871094,225.27153542269295,179.37657416334196,0.46239003970981746
353,2.1209259033203125,2.1216697692871094,225.27153542269295,179.37657416334196,0.46239003970981746
354,2.1209259033203125,2.1216697692871094,225.27153542269295,179.37657416334196,0.46239003970981746
355,2.1209259033203125,2.1216697692871094,225.27153542269295,179.37657416334196,0.46239003970981746
356,2.1209259033203125,2.1216697692871094,225.27153542269295,179.37657416334196,0.46239003970981746
357,2.1209259033203125,2.1216697692871094,225.27153542269295,179.37657416334196,0.46239003970981746
358,2.1209259033203125,2.1216697692871094,225.27153542269295,179.37657416334196,0.46239003970981746
359,2.1209259033203125,2.1216697692871094,225.27153542269295,179.37657416334196,0.46239003970981746
360,2.1209259033203125,2.1216697692871094,225.27153542269295,179.37657416334196,0.46239003970981746
361,2.1209259033203125,2.1216697692871094,225.27153542269295,179.37657416334196,0.46239003970981746
362,2.1209259033203125,2.1216697692871094,225.27153542269295,179.37657416334196,0.46239003970981746
363,2.1209259033203125,2.1216697692871094,225.27153542269295,179.37657416334196,0.46239003970981746
364,2.1209259033203125,2.1216697692871094,225.27153542269295,179.37657416334196,0.46239003970981746
365,2.1209259033203125,2.1216697692871094,225.27153542269295,179.37657416334196,0.46239003970981746
366,2.1209259033203125,2.1216697692871094,225.27153542269295,179.37657416334196,0.46239003970981746
367,2.1209259033203125,2.1216697692871094,225.27153542269295,179.37657416334196,0.46239003970981746
368,2.1209259033203125,2.1216697692871094,225.27153542269295,179.37657416334196,0.46239003970981746
369,2.1209259033203125,2.1216697692871094,225.27153542269295,179.37657416334196,0.46239003970981746
370,2.1209259033203125,2.1216697692871094,225.27153542269295,179.37657416334196,0.46239003970981746
371,2.1209259033203125,2.1216697692871094,225.27153542269295,179.37657416334196,0.46239003970981746
372,2.1209259033203125,2.1216697692871094,225.27153542269295,179.37657416334196,0.46239003970981746
373,2.1209259033203125,2.1216697692871094,225.27153542269295,179.37657416334196,0.46239003970981746
374,2.1209259033203125,2.1216697692871094,225.27153542269295,179.37657416334196,0.46239003970981746
375,2.1209259033203125,2.1216697692871094,225.27153542269295,179.37657416334196,0.46239003970981746
376,2.1209259033203125,2.1216697692871094,225.27153542269295,179.37657416334196,0.46239003970981746
377,2.1209259033203125,2.1216697692871094,225.27153542269295,179.37657416334196,0.46239003970981746
378,2.1209259033203125,2.1216697692871094,225.27153542269295,179.37657416334196,0.46239003970981746
379,2.1209259033203125,2.1216697692871094,225.27153542269295,179.37657416334196,0.46239003970981746
380,2.1209259033203125,2.1216697692871094,225.27153542269295,179.37657416334196,0.46239003970981746
381,2.1209259033203125,2.1216697692871094,225.27153542269295,179.37657416334196,0.46239003970981746
382,2.1209259033203125,2.1216697692871094,225.27153542269295,179.37657416334196,0.46239003970981746
383,2.1209259033203125,2.1216697692871094,225.27153542269295,179.37657416334196,0.46239003970981746
384,2.1209259033203125,2.1216697692871094,225.27153542269295,179.37657416334196,0.46239003970981746
385,2.1209259033203125,2.1216697692871094,225.27153542269295,179.37657416334196,0.46239003970981746
386,2.1209259033203125,2.1216697692871094,225.27153542269295,179.37657416334196,0.46239003970981746
387,2.1209259033203125,2.1216697692871094,225.27153542269295,179.37657416334196,0.46239003970981746
388,2.1209259033203125,2.1216697692871094,225.27153542269295,179.37657416334196,0.46239003970981746
389,2.1209259033203125,2.1216697692871094,225.27153542269295,179.37657416334196,0.46239003970981746
390,2.1209259033203125,2.1216697692871094,225.27153542269295,179.37657416334196,0.46239003970981746
391,2.1209259033203125,2.1216697692871094,225.27153542269295,179.37657416334196,0.46239003970981746
392,2.1209259033203125,2.1216697692871094,225.27153542269295,179.37657416334196,0.46239003970981746
393,2.1209259033203125,2.1216697692871094,225.27153542269295,179.37657416334196,0.46239003970981746
394,2.1209259033203125,2.1216697692871094,225.27153542269295,179.37657416334196,0.46239003970981746
395,2.1209259033203125,2.1216697692871094,225.27153542269295,179.37657416334196,0.46239003970981746
396,2.1209259033203125,2.1216697692871094,225.27153542269295,179.37657416334196,0.46239003970981746
397,2.1209259033203125,2.1216697692871094,225.27153542269295,179.37657416334196,0.46239003970981746
398,2.1209259033203125,2.1216697692871094,225.27153542269295,179.37657416334196,0.46239003970981746
399,2.1209259033203125,2.1216697692871094,225.27153542269295,179.37657416334196,0.46239003970981746
400,2.1209259033203125,2.1216697692871094,225.27153542269295,179.37657416334196,0.46239003970981746
401,2.1209259033203125,2.1216697692871094,225.27153542269295,179.37657416334196,0.46239003970981746
402,2.1209259033203125,2.1216697692871094,225.27153542269295,179.37657416334196,0.46239003970981746
403,2.1209259033203125,2.1216697692871094,225.27153542269295,179.37657416334196,0.46239003970981746
404,2.1209259033203125,2.1216697692871094,225.27153542269295,179.37657416334196,0.46239003970981746
405,2.1209259033203125,2.1216697692871094,225.27153542269295,179.37657416334196,0.46239003970981746
406,2.1209259033203125,2.1216697692871094,225.27153542269295,179.37657416334196,0.46239003970981746
407,2.1209259033203125,2.1216697692871094,225.27153542269295,179.37657416334196,0.46239003970981746
408,2.1209259033203125,2.1216697692871094,225.27153542269295,179.37657416334196,0.46239003970981746
409,2.1209259033203125,2.1216697692871094,225.27153542269295,179.37657416334196,0.46239003970981746
410,2.1209259033203125,2.1216697692871094,225.27153542269295,179.37657416334196,0.46239003970981746
411,2.1209259033203125,2.1216697692871094,225.27153542269295,179.37657416334196,0.46239003970981746
412,2.1209259033203125,2.1216697692871094,225.27153542269295,179.37657416334196,0.46239003970981746
413,2.1209259033203125,2.1216697692871094,225.27153542269295,179.37657416334196,0.46239003970981746
414,2.1209259033203125,2.1216697692871094,225.27153542269295,179.37657416334196,0.46239003970981746
415,2.1209259033203125,2.1216697692871094,225.27153542269295,179.37657416334196,0.46239003970981746
416,2.1209259033203125,2.1216697692871094,225.27153542269295,179.37657416334196,0.46239003970981746
417,2.1209259033203125,2.1216697692871094,225.27153542269295,179.37657416334196,0.46239003970981746
418,2.1209259033203125,2.1216697692871094,225.27153542269295,179.37657416334196,0.46239003970981746
419,2.1209259033203125,2.1216697692871094,225.27153542269295,179.37657416334196,0.46239003970981746
420,2.1209259033203125,2.1216697692871094,225.27153542269295,179.37657416334196,0.46239003970981746
421,2.1209259033203125,2.1216697692871094,225.27153542269295,179.37657416334196,0.46239003970981746
422,2.1209259033203125,2.1216697692871094,225.27153542269295,179.37657416334196,0.46239003970981746
423,2.1209259033203125,2.1216697692871094,225.27153542269295,179.37657416334196,0.46239003970981746
424,2.1209259033203125,2.1216697692871094,225.27153542269295,179.37657416334196,0.46239003970981746
425,2.1209259033203125,2.1216697692871094,225.27153542269295,179.37657416334196,0.46239003970981746
426,2.1209259033203125,2.1216697692871094,225.27153542269295,179.37657416334196,0.46239003970981746
427,2.1209259033203125,2.1216697692871094,225.27153542269295,179.37657416334196,0.46239003970981746
428,2.1209259033203125,2.1216697692871094,225.27153542269295,179.37657416334196,0.46239003970981746
429,2.1209259033203125,2.1216697692871094,225.27153542269295,179.37657416334196,0.46239003970981746
430,2.1209259033203125,2.1216697692871094,225.27153542269295,179.37657416334196,0.46239003970981746
431,2.1209259033203125,2.1216697692871094,225.27153542269295,179.37657416334196,0.46239003970981746
432,2.1209259033203125,2.1216697692871094,225.27153542269295,179.37657416334196,0.46239003970981746
433,2.1209259033203125,2.1216697692871094,225.27153542269295,179.37657416334196,0.46239003970981746
434,2.1209259033203125,2.1216697692871094,225.27153542269295,179.37657416334196,0.46239003970981746
435,2.1209259033203125,2.1216697692871094,225.27153542269295,179.37657416334196,0.46239003970981746
436,2.1209259033203125,2.1216697692871094,225.27153542269295,179.37657416334196,0.46239003970981746
437,2.1209259033203125,2.1216697692871094,225.27153542269295,179.37657416334196,0.46239003970981746
438,2.1209259033203125,2.1216697692871094,225.27153542269295,179.37657416334196,0.46239003970981746
439,2.1209259033203125,2.1216697692871094,225.27153542269295,179.37657416334196,0.46239003970981746
440,2.1209259033203125,2.1216697692871094,225.27153542269295,179.37657416334196,0.46239003970981746
441,2.1209259033203125,2.1216697692871094,225.27153542269295,179.37657416334196,0.46239003970981746
442,2.1209259033203125,2.1216697692871094,225.27153542269295,179.37657416334196,0.46239003970981746
443,2.1209259033203125,2.1216697692871094,225.27153542269295,179.37657416334196,0.46239003970981746
444,2.1209259033203125,2.1216697692871094,225.27153542269295,179.37657416334196,0.46239003970981746
445,2.1209259033203125,2.1216697692871094,225.27153542269295,179.37657416334196,0.46239003970981746
446,2.1209259033203125,2.1216697692871094,225.27153542269295,179.37657416334196,0.46239003970981746
447,2.1209259033203125,2.1216697692871094,225.27153542269295,179.37657416334196,0.46239003970981746
448,2.1209259033203125,2.1216697692871094,225.27153542269295,179.37657416334196,0.46239003970981746
449,2.1209259033203125,2.1216697692871094,225.27153542269295,179.37657416334196,0.46239003970981746
450,2.1209259033203125,2.1216697692871094,225.27153542269295,179.37657416334196,0.46239003970981746
451,2.1209259033203125,2.1216697692871094,225.27153542269295,179.37657416334196,0.46239003970981746
452,2.1209259033203125,2.1216697692871094,225.27153542269295,179.37657416334196,0.46239003970981746
453,2.1209259033203125,2.1216697692871094,225.27153542269295,179.37657416334196,0.46239003970981746
454,2.1209259033203125,2.1216697692871094,225.27153542269295,179.37657416334196,0.46239003970981746
455,2.1209259033203125,2.1216697692871094,225.27153542269295,179.37657416334196,0.46239003970981746
456,2.1209259033203125,2.1216697692871094,225.27153542269295,179.37657416334196,0.46239003970981746
457,2.1209259033203125,2.1216697692871094,225.27153542269295,179.37657416334196,0.46239003970981746
458,2.1209259033203125,2.1216697692871094,225.27153542269295,179.37657416334196,0.46239003970981746
459,2.1209259033203125,2.1216697692871094,225.27153542269295,179.37657416334196,0.46239003970981746
460,2.1209259033203125,2.1216697692871094,225.27153542269295,179.37657416334196,0.46239003970981746
461,2.1209259033203125,2.1216697692871094,225.27153542269295,179.37657416334196,0.46239003970981746
462,2.1209259033203125,2.1216697692871094,225.27153542269295,179.37657416334196,0.46239003970981746
463,2.1209259033203125,2.1216697692871094,225.27153542269295,179.37657416334196,0.46239003970981746
464,2.1209259033203125,2.1216697692871094,225.27153542269295,179.37657416334196,0.46239003970981746
465,2.1209259033203125,2.1216697692871094,225.27153542269295,179.37657416334196,0.46239003970981746
466,2.1209259033203125,2.1216697692871094,225.27153542269295,179.37657416334196,0.46239003970981746
467,2.1209259033203125,2.1216697692871094,225.27153542269295,179.37657416334196,0.46239003970981746
468,2.1209259033203125,2.1216697692871094,225.27153542269295,179.37657416334196,0.46239003970981746
469,2.1209259033203125,2.1216697692871094,225.27153542269295,179.37657416334196,0.46239003970981746
470,2.1209259033203125,2.1216697692871094,225.27153542269295,179.37657416334196,0.46239003970981746
471,2.1209259033203125,2.1216697692871094,225.27153542269295,179.37657416334196,0.46239003970981746
472,2.1209259033203125,2.1216697692871094,225.27153542269295,179.37657416334196,0.46239003970981746
473,2.1209259033203125,2.1216697692871094,225.27153542269295,179.37657416334196,0.46239003970981746
474,2.1209259033203125,2.1216697692871094,225.27153542269295,179.37657416334196,0.46239003970981746
475,2.1209259033203125,2.1216697692871094,225.27153542269295,179.37657416334196,0.46239003970981746
476,2.1209259033203125,2.1216697692871094,225.27153542269295,179.37657416334196,0.46239003970981746
477,2.1209259033203125,2.1216697692871094,225.27153542269295,179.37657416334196,0.46239003970981746
478,2.1209259033203125,2.1216697692871094,225.27153542269295,179.37657416334196,0.46239003970981746
479,2.1209259033203125,2.1216697692871094,225.27153542269295,179.37657416334196,0.46239003970981746
480,2.1209259033203125,2.1216697692871094,225.27153542269295,179.37657416334196,0.46239003970981746
481,2.1209259033203125,2.1216697692871094,225.27153542269295,179.37657416334196,0.46239003970981746
482,2.1209259033203125,2.1216697692871094,225.27153542269295,179.37657416334196,0.46239003970981746
483,2.1209259033203125,2.1216697692871094,225.27153542269295,179.37657416334196,0.46239003970981746
484,2.1209259033203125,2.1216697692871094,225.27153542269295,179.37657416334196,0.46239003970981746
485,2.1209259033203125,2.1216697692871094,225.27153542269295,179.37657416334196,0.46239003970981746
486,2.1209259033203125,2.1216697692871094,225.27153542269295,179.37657416334196,0.46239003970981746
487,2.1209259033203125,2.1216697692871094,225.27153542269295,179.37657416334196,0.46239003970981746
488,2.1209259033203125,2.1216697692871094,225.27153542269295,179.37657416334196,0.46239003970981746
489,2.1209259033203125,2.1216697692871094,225.27153542269295,179.37657416334196,0.46239003970981746
490,2.1209259033203125,2.1216697692871094,225.27153542269295,179.37657416334196,0.46239003970981746
491,2.1209259033203125,2.1216697692871094,225.27153542269295,179.37657416334196,0.46239003970981746
492,2.1209259033203125,2.1216697692871094,225.27153542269295,179.37657416334196,0.46239003970981746
493,2.1209259033203125,2.1216697692871094,225.27153542269295,179.37657416334196,0.46239003970981746
494,2.1209259033203125,2.1216697692871094,225.27153542269295,179.37657416334196,0.46239003970981746
495,2.1209259033203125,2.1216697692871094,225.27153542269295,179.37657416334196,0.46239003970981746
496,2.1209259033203125,2.1216697692871094,225.27153542269295,179.37657416334196,0.46239003970981746
497,2.1209259033203125,2.1216697692871094,225.27153542269295,179.37657416334196,0.46239003970981746
498,2.1209259033203125,2.1216697692871094,225.27153542269295,179.37657416334196,0.46239003970981746
499,2.1209259033203125,2.1216697692871094,225.27153542269295,179.37657416334196,0.46239003970981746
500,2.1209259033203125,2.1216697692871094,225.27153542269295,179.37657416334196,0.46239003970981746
501,2.1209259033203125,2.1216697692871094,225.27153542269295,179.37657416334196,0.46239003970981746
502,2.1209259033203125,2.1216697692871094,225.27153542269295,179.37657416334196,0.46239003970981746
503,2.1209259033203125,2.1216697692871094,225.27153542269295,179.37657416334196,0.46239003970981746
504,2.1209259033203125,2.1216697692871094,225.27153542269295,179.37657416334196,0.46239003970981746
505,2.1209259033203125,2.1216697692871094,225.27153542269295,179.37657416334196,0.46239003970981746
506,2.1209259033203125,2.1216697692871094,225.27153542269295,179.37657416334196,0.46239003970981746
507,2.1209259033203125,2.1216697692871094,225.27153542269295,179.37657416334196,0.46239003970981746
508,2.1209259033203125,2.1216697692871094,225.27153542269295,179.37657416334196,0.46239003970981746
509,2.1209259033203125,2.1216697692871094,225.27153542269295,179.37657416334196,0.46239003970981746
510,2.1209259033203125,2.1216697692871094,225.27153542269295,179.37657416334196,0.46239003970981746
511,2.1209259033203125,2.1216697692871094,225.27153542269295,179.37657416334196,0.46239003970981746
512,2.1209259033203125,2.1216697692871094,225.27153542269295,179.37657416334196,0.46239003970981746
513,2.1209259033203125,2.1216697692871094,225.27153542269295,179.37657416334196,0.46239003970981746
514,2.1209259033203125,2.1216697692871094,225.27153542269295,179.37657416334196,0.46239003970981746
515,2.1209259033203125,2.1216697692871094,225.27153542269295,179.37657416334196,0.46239003970981746
516,2.1209259033203125,2.1216697692871094,225.27153542269295,179.37657416334196,0.46239003970981746
517,2.1209259033203125,2.1216697692871094,225.27153542269295,179.37657416334196,0.46239003970981746
518,2.1209259033203125,2.1216697692871094,225.27153542269295,179.37657416334196,0.46239003970981746
519,2.1209259033203125,2.1216697692871094,225.27153542269295,179.37657416334196,0.46239003970981746
520,2.1209259033203125,2.1216697692871094,225.27153542269295,179.37657416334196,0.46239003970981746
521,2.1209259033203125,2.1216697692871094,225.27153542269295,179.37657416334196,0.46239003970981746
522,2.1209259033203125,2.1216697692871094,225.27153542269295,179.37657416334196,0.46239003970981746
523,2.1209259033203125,2.1216697692871094,225.27153542269295,179.37657416334196,0.46239003970981746
524,2.1209259033203125,2.1216697692871094,225.27153542269295,179.37657416334196,0.46239003970981746
525,2.1209259033203125,2.1216697692871094,225.27153542269295,179.37657416334196,0.46239003970981746
526,2.1209259033203125,2.1216697692871094,225.27153542269295,179.37657416334196,0.46239003970981746
527,2.1209259033203125,2.1216697692871094,225.27153542269295,179.37657416334196,0.46239003970981746
528,2.1209259033203125,2.1216697692871094,225.27153542269295,179.37657416334196,0.46239003970981746
529,2.1209259033203125,2.1216697692871094,225.27153542269295,179.37657416334196,0.46239003970981746
530,2.1209259033203125,2.1216697692871094,225.27153542269295,179.37657416334196,0.46239003970981746
531,2.1209259033203125,2.1216697692871094,225.27153542269295,179.37657416334196,0.46239003970981746
532,2.1209259033203125,2.1216697692871094,225.27153542269295,179.37657416334196,0.46239003970981746
533,2.1209259033203125,2.1216697692871094,225.27153542269295,179.37657416334196,0.46239003970981746
534,2.1209259033203125,2.1216697692871094,225.27153542269295,179.37657416334196,0.46239003970981746
535,2.1209259033203125,2.1216697692871094,225.27153542269295,179.37657416334196,0.46239003970981746
536,2.1209259033203125,2.1216697692871094,225.27153542269295,179.37657416334196,0.46239003970981746
537,2.1209259033203125,2.1216697692871094,225.27153542269295,179.37657416334196,0.46239003970981746
538,2.1209259033203125,2.1216697692871094,225.27153542269295,179.37657416334196,0.46239003970981746
539,2.1209259033203125,2.1216697692871094,225.27153542269295,179.37657416334196,0.46239003970981746
540,2.1209259033203125,2.1216697692871094,225.27153542269295,179.37657416334196,0.46239003970981746
541,2.1209259033203125,2.1216697692871094,225.27153542269295,179.37657416334196,0.46239003970981746
542,2.1209259033203125,2.1216697692871094,225.27153542269295,179.37657416334196,0.46239003970981746
543,2.1209259033203125,2.1216697692871094,225.27153542269295,179.37657416334196,0.46239003970981746
544,2.1209259033203125,2.1216697692871094,225.27153542269295,179.37657416334196,0.46239003970981746
545,2.1209259033203125,2.1216697692871094,225.27153542269295,179.37657416334196,0.46239003970981746
546,2.1209259033203125,2.1216697692871094,225.27153542269295,179.37657416334196,0.46239003970981746
547,2.1209259033203125,2.1216697692871094,225.27153542269295,179.37657416334196,0.46239003970981746
548,2.1209259033203125,2.1216697692871094,225.27153542269295,179.37657416334196,0.46239003970981746
549,2.1209259033203125,2.1216697692871094,225.27153542269295,179.37657416334196,0.46239003970981746
550,2.1209259033203125,2.1216697692871094,225.27153542269295,179.37657416334196,0.46239003970981746
551,2.1209259033203125,2.1216697692871094,225.27153542269295,179.37657416334196,0.46239003970981746
552,2.1209259033203125,2.1216697692871094,225.27153542269295,179.37657416334196,0.46239003970981746
553,2.1209259033203125,2.1216697692871094,225.27153542269295,179.37657416334196,0.46239003970981746
554,2.1209259033203125,2.1216697692871094,225.27153542269295,179.37657416334196,0.46239003970981746
555,2.1209259033203125,2.1216697692871094,225.27153542269295,179.37657416334196,0.46239003970981746
556,2.1209259033203125,2.1216697692871094,225.27153542269295,179.37657416334196,0.46239003970981746
557,2.1209259033203125,2.1216697692871094,225.27153542269295,179.37657416334196,0.46239003970981746
558,2.1209259033203125,2.1216697692871094,225.27153542269295,179.37657416334196,0.46239003970981746
559,2.1209259033203125,2.1216697692871094,225.27153542269295,179.37657416334196,0.46239003970981746
560,2.1209259033203125,2.1216697692871094,225.27153542269295,179.37657416334196,0.46239003970981746
561,2.1209259033203125,2.1216697692871094,225.27153542269295,179.37657416334196,0.46239003970981746
562,2.1209259033203125,2.1216697692871094,225.27153542269295,179.37657416334196,0.46239003970981746
563,2.1209259033203125,2.1216697692871094,225.27153542269295,179.37657416334196,0.46239003970981746
564,2.1209259033203125,2.1216697692871094,225.27153542269295,179.37657416334196,0.46239003970981746
565,2.1209259033203125,2.1216697692871094,225.27153542269295,179.37657416334196,0.46239003970981746
566,2.1209259033203125,2.1216697692871094,225.27153542269295,179.37657416334196,0.46239003970981746
567,2.1209259033203125,2.1216697692871094,225.27153542269295,179.37657416334196,0.46239003970981746
568,2.1209259033203125,2.1216697692871094,225.27153542269295,179.37657416334196,0.46239003970981746
569,2.1209259033203125,2.1216697692871094,225.27153542269295,179.37657416334196,0.46239003970981746
570,2.1209259033203125,2.1216697692871094,225.27153542269295,179.37657416334196,0.46239003970981746
571,2.1209259033203125,2.1216697692871094,225.27153542269295,179.37657416334196,0.46239003970981746
572,2.1209259033203125,2.1216697692871094,225.27153542269295,179.37657416334196,0.46239003970981746
573,2.1209259033203125,2.1216697692871094,225.27153542269295,179.37657416334196,0.46239003970981746
574,2.1209259033203125,2.1216697692871094,225.27153542269295,179.37657416334196,0.46239003970981746
575,2.1209259033203125,2.1216697692871094,225.27153542269295,179.37657416334196,0.46239003970981746
576,2.1209259033203125,2.1216697692871094,225.27153542269295,179.37657416334196,0.46239003970981746
577,2.1209259033203125,2.1216697692871094,225.27153542269295,179.37657416334196,0.46239003970981746
578,2.1209259033203125,2.1216697692871094,225.27153542269295,179.37657416334196,0.46239003970981746
579,2.1209259033203125,2.1216697692871094,225.27153542269295,179.37657416334196,0.46239003970981746
580,2.1209259033203125,2.1216697692871094,225.27153542269295,179.37657416334196,0.46239003970981746
581,2.1209259033203125,2.1216697692871094,225.27153542269295,179.37657416334196,0.46239003970981746
582,2.1209259033203125,2.1216697692871094,225.27153542269295,179.37657416334196,0.46239003970981746
583,2.1209259033203125,2.1216697692871094,225.27153542269295,179.37657416334196,0.46239003970981746
584,2.1209259033203125,2.1216697692871094,225.27153542269295,179.37657416334196,0.46239003970981746
585,2.1209259033203125,2.1216697692871094,225.27153542269295,179.37657416334196,0.46239003970981746
586,2.1209259033203125,2.1216697692871094,225.27153542269295,179.37657416334196,0.46239003970981746
587,2.1209259033203125,2.1216697692871094,225.27153542269295,179.37657416334196,0.46239003970981746
588,2.1209259033203125,2.1216697692871094,225.27153542269295,179.37657416334196,0.46239003970981746
589,2.1209259033203125,2.1216697692871094,225.27153542269295,179.37657416334196,0.46239003970981746
590,2.1209259033203125,2.1216697692871094,225.27153542269295,179.37657416334196,0.46239003970981746
591,2.1209259033203125,2.1216697692871094,225.27153542269295,179.37657416334196,0.46239003970981746
592,2.1209259033203125,2.1216697692871094,225.27153542269295,179.37657416334196,0.46239003970981746
593,2.1209259033203125,2.1216697692871094,225.27153542269295,179.37657416334196,0.46239003970981746
594,2.1209259033203125,2.1216697692871094,225.27153542269295,179.37657416334196,0.46239003970981746
595,2.1209259033203125,2.1216697692871094,225.27153542269295,179.37657416334196,0.46239003970981746
596,2.1209259033203125,2.1216697692871094,225.27153542269295,179.37657416334196,0.46239003970981746
597,2.1209259033203125,2.1216697692871094,225.27153542269295,179.37657416334196,0.46239003970981746
598,2.1209259033203125,2.1216697692871094,225.27153542269295,179.37657416334196,0.46239003970981746
599,2.1209259033203125,2.1216697692871094,225.27153542269295,179.37657416334196,0.46239003970981746
600,2.1209259033203125,2.1216697692871094,225.27153542269295,179.37657416334196,0.46239003970981746
601,2.1209259033203125,2.1216697692871094,225.27153542269295,179.37657416334196,0.46239003970981746
602,2.1209259033203125,2.1216697692871094,225.27153542269295,179.37657416334196,0.46239003970981746
603,2.1209259033203125,2.1216697692871094,225.27153542269295,179.37657416334196,0.46239003970981746
604,2.1209259033203125,2.1216697692871094,225.27153542269295,179.37657416334196,0.46239003970981746
605,2.1209259033203125,2.1216697692871094,225.27153542269295,179.37657416334196,0.46239003970981746
606,2.1209259033203125,2.1216697692871094,225.27153542269295,179.37657416334196,0.46239003970981746
607,2.1209259033203125,2.1216697692871094,225.27153542269295,179.37657416334196,0.46239003970981746
608,2.1209259033203125,2.1216697692871094,225.27153542269295,179.37657416334196,0.46239003970981746
609,2.1209259033203125,2.1216697692871094,225.27153542269295,179.37657416334196,0.46239003970981746
610,2.1209259033203125,2.1216697692871094,225.27153542269295,179.37657416334196,0.46239003970981746
611,2.1209259033203125,2.1216697692871094,225.27153542269295,179.37657416334196,0.46239003970981746
612,2.1209259033203125,2.1216697692871094,225.27153542269295,179.37657416334196,0.46239003970981746
613,2.1209259033203125,2.1216697692871094,225.27153542269295,179.37657416334196,0.46239003970981746
614,2.1209259033203125,2.1216697692871094,225.27153542269295,179.37657416334196,0.46239003970981746
615,2.1209259033203125,2.1216697692871094,225.27153542269295,179.37657416334196,0.46239003970981746
616,2.1209259033203125,2.1216697692871094,225.27153542269295,179.37657416334196,0.46239003970981746
617,2.1209259033203125,2.1216697692871094,225.27153542269295,179.37657416334196,0.46239003970981746
618,2.1209259033203125,2.1216697692871094,225.27153542269295,179.37657416334196,0.46239003970981746
619,2.1209259033203125,2.1216697692871094,225.27153542269295,179.37657416334196,0.46239003970981746
620,2.1209259033203125,2.1216697692871094,225.27153542269295,179.37657416334196,0.46239003970981746
621,2.1209259033203125,2.1216697692871094,225.27153542269295,179.37657416334196,0.46239003970981746
622,2.1209259033203125,2.1216697692871094,225.27153542269295,179.37657416334196,0.46239003970981746
623,2.1209259033203125,2.1216697692871094,225.27153542269295,179.37657416334196,0.46239003970981746
624,2.1209259033203125,2.1216697692871094,225.27153542269295,179.37657416334196,0.46239003970981746
625,2.1209259033203125,2.1216697692871094,225.27153542269295,179.37657416334196,0.46239003970981746
626,2.1209259033203125,2.1216697692871094,225.27153542269295,179.37657416334196,0.46239003970981746
627,2.1209259033203125,2.1216697692871094,225.27153542269295,179.37657416334196,0.46239003970981746
628,2.1209259033203125,2.1216697692871094,225.27153542269295,179.37657416334196,0.46239003970981746
629,2.1209259033203125,2.1216697692871094,225.27153542269295,179.37657416334196,0.46239003970981746
630,2.1209259033203125,2.1216697692871094,225.27153542269295,179.37657416334196,0.46239003970981746
631,2.1209259033203125,2.1216697692871094,225.27153542269295,179.37657416334196,0.46239003970981746
632,2.1209259033203125,2.1216697692871094,225.27153542269295,179.37657416334196,0.46239003970981746
633,2.1209259033203125,2.1216697692871094,225.27153542269295,179.37657416334196,0.46239003970981746
634,2.1209259033203125,2.1216697692871094,225.27153542269295,179.37657416334196,0.46239003970981746
635,2.1209259033203125,2.1216697692871094,225.27153542269295,179.37657416334196,0.46239003970981746
636,2.1209259033203125,2.1216697692871094,225.27153542269295,179.37657416334196,0.46239003970981746
637,2.1209259033203125,2.1216697692871094,225.27153542269295,179.37657416334196,0.46239003970981746
638,2.1209259033203125,2.1216697692871094,225.27153542269295,179.37657416334196,0.46239003970981746
639,2.1209259033203125,2.1216697692871094,225.27153542269295,179.37657416334196,0.46239003970981746
640,2.1209259033203125,2.1216697692871094,225.27153542269295,179.37657416334196,0.46239003970981746
641,2.1209259033203125,2.1216697692871094,225.27153542269295,179.37657416334196,0.46239003970981746
642,2.1209259033203125,2.1216697692871094,225.27153542269295,179.37657416334196,0.46239003970981746
643,2.1209259033203125,2.1216697692871094,225.27153542269295,179.37657416334196,0.46239003970981746
644,2.1209259033203125,2.1216697692871094,225.27153542269295,179.37657416334196,0.46239003970981746
645,2.1209259033203125,2.1216697692871094,225.27153542269295,179.37657416334196,0.46239003970981746
646,2.1209259033203125,2.1216697692871094,225.27153542269295,179.37657416334196,0.46239003970981746
647,2.1209259033203125,2.1216697692871094,225.27153542269295,179.37657416334196,0.46239003970981746
648,2.1209259033203125,2.1216697692871094,225.27153542269295,179.37657416334196,0.46239003970981746
649,2.1209259033203125,2.1216697692871094,225.27153542269295,179.37657416334196,0.46239003970981746
650,2.1209259033203125,2.1216697692871094,225.27153542269295,179.37657416334196,0.46239003970981746
651,2.1209259033203125,2.1216697692871094,225.27153542269295,179.37657416334196,0.46239003970981746
652,2.1209259033203125,2.1216697692871094,225.27153542269295,179.37657416334196,0.46239003970981746
653,2.1209259033203125,2.1216697692871094,225.27153542269295,179.37657416334196,0.46239003970981746
654,2.1209259033203125,2.1216697692871094,225.27153542269295,179.37657416334196,0.46239003970981746
655,2.1209259033203125,2.1216697692871094,225.27153542269295,179.37657416334196,0.46239003970981746
656,2.1209259033203125,2.1216697692871094,225.27153542269295,179.37657416334196,0.46239003970981746
657,2.1209259033203125,2.1216697692871094,225.27153542269295,179.37657416334196,0.46239003970981746
658,2.1209259033203125,2.1216697692871094,225.27153542269295,179.37657416334196,0.46239003970981746
659,2.1209259033203125,2.1216697692871094,225.27153542269295,179.37657416334196,0.46239003970981746
660,2.1209259033203125,2.1216697692871094,225.27153542269295,179.37657416334196,0.46239003970981746
661,2.1209259033203125,2.1216697692871094,225.27153542269295,179.37657416334196,0.46239003970981746
662,2.1209259033203125,2.1216697692871094,225.27153542269295,179.37657416334196,0.46239003970981746
663,2.1209259033203125,2.1216697692871094,225.27153542269295,179.37657416334196,0.46239003970981746
664,2.1209259033203125,2.1216697692871094,225.27153542269295,179.37657416334196,0.46239003970981746
665,2.1209259033203125,2.1216697692871094,225.27153542269295,179.37657416334196,0.46239003970981746
666,2.1209259033203125,2.1216697692871094,225.27153542269295,179.37657416334196,0.46239003970981746
667,2.1209259033203125,2.1216697692871094,225.27153542269295,179.37657416334196,0.46239003970981746
668,2.1209259033203125,2.1216697692871094,225.27153542269295,179.37657416334196,0.46239003970981746
669,2.1209259033203125,2.1216697692871094,225.27153542269295,179.37657416334196,0.46239003970981746
670,2.1209259033203125,2.1216697692871094,225.27153542269295,179.37657416334196,0.46239003970981746
671,2.1209259033203125,2.1216697692871094,225.27153542269295,179.37657416334196,0.46239003970981746
672,2.1209259033203125,2.1216697692871094,225.27153542269295,179.37657416334196,0.46239003970981746
673,2.1209259033203125,2.1216697692871094,225.27153542269295,179.37657416334196,0.46239003970981746
674,2.1209259033203125,2.1216697692871094,225.27153542269295,179.37657416334196,0.46239003970981746
675,2.1209259033203125,2.1216697692871094,225.27153542269295,179.37657416334196,0.46239003970981746
676,2.1209259033203125,2.1216697692871094,225.27153542269295,179.37657416334196,0.46239003970981746
677,2.1209259033203125,2.1216697692871094,225.27153542269295,179.37657416334196,0.46239003970981746
678,2.1209259033203125,2.1216697692871094,225.27153542269295,179.37657416334196,0.46239003970981746
679,2.1209259033203125,2.1216697692871094,225.27153542269295,179.37657416334196,0.46239003970981746
680,2.1209259033203125,2.1216697692871094,225.27153542269295,179.37657416334196,0.46239003970981746
681,2.1209259033203125,2.1216697692871094,225.27153542269295,179.37657416334196,0.46239003970981746
682,2.1209259033203125,2.1216697692871094,225.27153542269295,179.37657416334196,0.46239003970981746
683,2.1209259033203125,2.1216697692871094,225.27153542269295,179.37657416334196,0.46239003970981746
684,2.1209259033203125,2.1216697692871094,225.27153542269295,179.37657416334196,0.46239003970981746
685,2.1209259033203125,2.1216697692871094,225.27153542269295,179.37657416334196,0.46239003970981746
686,2.1209259033203125,2.1216697692871094,225.27153542269295,179.37657416334196,0.46239003970981746
687,2.1209259033203125,2.1216697692871094,225.27153542269295,179.37657416334196,0.46239003970981746
688,2.1209259033203125,2.1216697692871094,225.27153542269295,179.37657416334196,0.46239003970981746
689,2.1209259033203125,2.1216697692871094,225.27153542269295,179.37657416334196,0.46239003970981746
690,2.1209259033203125,2.1216697692871094,225.27153542269295,179.37657416334196,0.46239003970981746
691,2.1209259033203125,2.1216697692871094,225.27153542269295,179.37657416334196,0.46239003970981746
692,2.1209259033203125,2.1216697692871094,225.27153542269295,179.37657416334196,0.46239003970981746
693,2.1209259033203125,2.1216697692871094,225.27153542269295,179.37657416334196,0.46239003970981746
694,2.1209259033203125,2.1216697692871094,225.27153542269295,179.37657416334196,0.46239003970981746
695,2.1209259033203125,2.1216697692871094,225.27153542269295,179.37657416334196,0.46239003970981746
696,2.1209259033203125,2.1216697692871094,225.27153542269295,179.37657416334196,0.46239003970981746
697,2.1209259033203125,2.1216697692871094,225.27153542269295,179.37657416334196,0.46239003970981746
698,2.1209259033203125,2.1216697692871094,225.27153542269295,179.37657416334196,0.46239003970981746
699,2.1209259033203125,2.1216697692871094,225.27153542269295,179.37657416334196,0.46239003970981746
700,2.1209259033203125,2.1216697692871094,225.27153542269295,179.37657416334196,0.46239003970981746
701,2.1209259033203125,2.1216697692871094,225.27153542269295,179.37657416334196,0.46239003970981746
702,2.1209259033203125,2.1216697692871094,225.27153542269295,179.37657416334196,0.46239003970981746
703,2.1209259033203125,2.1216697692871094,225.27153542269295,179.37657416334196,0.46239003970981746
704,2.1209259033203125,2.1216697692871094,225.27153542269295,179.37657416334196,0.46239003970981746
705,2.1209259033203125,2.1216697692871094,225.27153542269295,179.37657416334196,0.46239003970981746
706,2.1209259033203125,2.1216697692871094,225.27153542269295,179.37657416334196,0.46239003970981746
707,2.1209259033203125,2.1216697692871094,225.27153542269295,179.37657416334196,0.46239003970981746
708,2.1209259033203125,2.1216697692871094,225.27153542269295,179.37657416334196,0.46239003970981746
709,2.1209259033203125,2.1216697692871094,225.27153542269295,179.37657416334196,0.46239003970981746
710,2.1209259033203125,2.1216697692871094,225.27153542269295,179.37657416334196,0.46239003970981746
711,2.1209259033203125,2.1216697692871094,225.27153542269295,179.37657416334196,0.46239003970981746
712,2.1209259033203125,2.1216697692871094,225.27153542269295,179.37657416334196,0.46239003970981746
713,2.1209259033203125,2.1216697692871094,225.27153542269295,179.37657416334196,0.46239003970981746
714,2.1209259033203125,2.1216697692871094,225.27153542269295,179.37657416334196,0.46239003970981746
715,2.1209259033203125,2.1216697692871094,225.27153542269295,179.37657416334196,0.46239003970981746
716,2.1209259033203125,2.1216697692871094,225.27153542269295,179.37657416334196,0.46239003970981746
717,2.1209259033203125,2.1216697692871094,225.27153542269295,179.37657416334196,0.46239003970981746
718,2.1209259033203125,2.1216697692871094,225.27153542269295,179.37657416334196,0.46239003970981746
719,2.1209259033203125,2.1216697692871094,225.27153542269295,179.37657416334196,0.46239003970981746
720,2.1209259033203125,2.1216697692871094,225.27153542269295,179.37657416334196,0.46239003970981746
721,2.1209259033203125,2.1216697692871094,225.27153542269295,179.37657416334196,0.46239003970981746
722,2.1209259033203125,2.1216697692871094,225.27153542269295,179.37657416334196,0.46239003970981746
723,2.1209259033203125,2.1216697692871094,225.27153542269295,179.37657416334196,0.46239003970981746
724,2.1209259033203125,2.1216697692871094,225.27153542269295,179.37657416334196,0.46239003970981746
725,2.1209259033203125,2.1216697692871094,225.27153542269295,179.37657416334196,0.46239003970981746
726,2.1209259033203125,2.1216697692871094,225.27153542269295,179.37657416334196,0.46239003970981746
727,2.1209259033203125,2.1216697692871094,225.27153542269295,179.37657416334196,0.46239003970981746
728,2.1209259033203125,2.1216697692871094,225.27153542269295,179.37657416334196,0.46239003970981746
729,2.1209259033203125,2.1216697692871094,225.27153542269295,179.37657416334196,0.46239003970981746
730,2.1209259033203125,2.1216697692871094,225.27153542269295,179.37657416334196,0.46239003970981746
731,2.1209259033203125,2.1216697692871094,225.27153542269295,179.37657416334196,0.46239003970981746
732,2.1209259033203125,2.1216697692871094,225.27153542269295,179.37657416334196,0.46239003970981746
733,2.1209259033203125,2.1216697692871094,225.27153542269295,179.37657416334196,0.46239003970981746
734,2.1209259033203125,2.1216697692871094,225.27153542269295,179.37657416334196,0.46239003970981746
735,2.1209259033203125,2.1216697692871094,225.27153542269295,179.37657416334196,0.46239003970981746
736,2.1209259033203125,2.1216697692871094,225.27153542269295,179.37657416334196,0.46239003970981746
737,2.1209259033203125,2.1216697692871094,225.27153542269295,179.37657416334196,0.46239003970981746
738,2.1209259033203125,2.1216697692871094,225.27153542269295,179.37657416334196,0.46239003970981746
739,2.1209259033203125,2.1216697692871094,225.27153542269295,179.37657416334196,0.46239003970981746
740,2.1209259033203125,2.1216697692871094,225.27153542269295,179.37657416334196,0.46239003970981746
741,2.1209259033203125,2.1216697692871094,225.27153542269295,179.37657416334196,0.46239003970981746
742,2.1209259033203125,2.1216697692871094,225.27153542269295,179.37657416334196,0.46239003970981746
743,2.1209259033203125,2.1216697692871094,225.27153542269295,179.37657416334196,0.46239003970981746
744,2.1209259033203125,2.1216697692871094,225.27153542269295,179.37657416334196,0.46239003970981746
745,2.1209259033203125,2.1216697692871094,225.27153542269295,179.37657416334196,0.46239003970981746
746,2.1209259033203125,2.1216697692871094,225.27153542269295,179.37657416334196,0.46239003970981746
747,2.1209259033203125,2.1216697692871094,225.27153542269295,179.37657416334196,0.46239003970981746
748,2.1209259033203125,2.1216697692871094,225.27153542269295,179.37657416334196,0.46239003970981746
749,2.1209259033203125,2.1216697692871094,225.27153542269295,179.37657416334196,0.46239003970981746
750,2.1209259033203125,2.1216697692871094,225.27153542269295,179.37657416334196,0.46239003970981746
751,2.1209259033203125,2.1216697692871094,225.27153542269295,179.37657416334196,0.46239003970981746
752,2.1209259033203125,2.1216697692871094,225.27153542269295,179.37657416334196,0.46239003970981746
753,2.1209259033203125,2.1216697692871094,225.27153542269295,179.37657416334196,0.46239003970981746
754,2.1209259033203125,2.1216697692871094,225.27153542269295,179.37657416334196,0.46239003970981746
755,2.1209259033203125,2.1216697692871094,225.27153542269295,179.37657416334196,0.46239003970981746
756,2.1209259033203125,2.1216697692871094,225.27153542269295,179.37657416334196,0.46239003970981746
757,2.1209259033203125,2.1216697692871094,225.27153542269295,179.37657416334196,0.46239003970981746
758,2.1209259033203125,2.1216697692871094,225.27153542269295,179.37657416334196,0.46239003970981746
759,2.1209259033203125,2.1216697692871094,225.27153542269295,179.37657416334196,0.46239003970981746
760,2.1209259033203125,2.1216697692871094,225.27153542269295,179.37657416334196,0.46239003970981746
761,2.1209259033203125,2.1216697692871094,225.27153542269295,179.37657416334196,0.46239003970981746
762,2.1209259033203125,2.1216697692871094,225.27153542269295,179.37657416334196,0.46239003970981746
763,2.1209259033203125,2.1216697692871094,225.27153542269295,179.37657416334196,0.46239003970981746
764,2.1209259033203125,2.1216697692871094,225.27153542269295,179.37657416334196,0.46239003970981746
765,2.1209259033203125,2.1216697692871094,225.27153542269295,179.37657416334196,0.46239003970981746
766,2.1209259033203125,2.1216697692871094,225.27153542269295,179.37657416334196,0.46239003970981746
767,2.1209259033203125,2.1216697692871094,225.27153542269295,179.37657416334196,0.46239003970981746
768,2.1209259033203125,2.1216697692871094,225.27153542269295,179.37657416334196,0.46239003970981746
769,2.1209259033203125,2.1216697692871094,225.27153542269295,179.37657416334196,0.46239003970981746
770,2.1209259033203125,2.1216697692871094,225.27153542269295,179.37657416334196,0.46239003970981746
771,2.1209259033203125,2.1216697692871094,225.27153542269295,179.37657416334196,0.46239003970981746
772,2.1209259033203125,2.1216697692871094,225.27153542269295,179.37657416334196,0.46239003970981746
773,2.1209259033203125,2.1216697692871094,225.27153542269295,179.37657416334196,0.46239003970981746
774,2.1209259033203125,2.1216697692871094,225.27153542269295,179.37657416334196,0.46239003970981746
775,2.1209259033203125,2.1216697692871094,225.27153542269295,179.37657416334196,0.46239003970981746
776,2.1209259033203125,2.1216697692871094,225.27153542269295,179.37657416334196,0.46239003970981746
777,2.1209259033203125,2.1216697692871094,225.27153542269295,179.37657416334196,0.46239003970981746
778,2.1209259033203125,2.1216697692871094,225.27153542269295,179.37657416334196,0.46239003970981746
779,2.1209259033203125,2.1216697692871094,225.27153542269295,179.37657416334196,0.46239003970981746
780,2.1209259033203125,2.1216697692871094,225.27153542269295,179.37657416334196,0.46239003970981746
781,2.1209259033203125,2.1216697692871094,225.27153542269295,179.37657416334196,0.46239003970981746
782,2.1209259033203125,2.1216697692871094,225.27153542269295,179.37657416334196,0.46239003970981746
783,2.1209259033203125,2.1216697692871094,225.27153542269295,179.37657416334196,0.46239003970981746
784,2.1209259033203125,2.1216697692871094,225.27153542269295,179.37657416334196,0.46239003970981746
785,2.1209259033203125,2.1216697692871094,225.27153542269295,179.37657416334196,0.46239003970981746
786,2.1209259033203125,2.1216697692871094,225.27153542269295,179.37657416334196,0.46239003970981746
787,2.1209259033203125,2.1216697692871094,225.27153542269295,179.37657416334196,0.46239003970981746
788,2.1209259033203125,2.1216697692871094,225.27153542269295,179.37657416334196,0.46239003970981746
789,2.1209259033203125,2.1216697692871094,225.27153542269295,179.37657416334196,0.46239003970981746
790,2.1209259033203125,2.1216697692871094,225.27153542269295,179.37657416334196,0.46239003970981746
791,2.1209259033203125,2.1216697692871094,225.27153542269295,179.37657416334196,0.46239003970981746
792,2.1209259033203125,2.1216697692871094,225.27153542269295,179.37657416334196,0.46239003970981746
793,2.1209259033203125,2.1216697692871094,225.27153542269295,179.37657416334196,0.46239003970981746
794,2.1209259033203125,2.1216697692871094,225.27153542269295,179.37657416334196,0.46239003970981746
795,2.1209259033203125,2.1216697692871094,225.27153542269295,179.37657416334196,0.46239003970981746
796,2.1209259033203125,2.1216697692871094,225.27153542269295,179.37657416334196,0.46239003970981746
797,2.1209259033203125,2.1216697692871094,225.27153542269295,179.37657416334196,0.46239003970981746
798,2.1209259033203125,2.1216697692871094,225.27153542269295,179.37657416334196,0.46239003970981746
799,2.1209259033203125,2.1216697692871094,225.27153542269295,179.37657416334196,0.46239003970981746
800,2.1209259033203125,2.1216697692871094,225.27153542269295,179.37657416334196,0.46239003970981746
801,2.1209259033203125,2.1216697692871094,225.27153542269295,179.37657416334196,0.46239003970981746
802,2.1209259033203125,2.1216697692871094,225.27153542269295,179.37657416334196,0.46239003970981746
803,2.1209259033203125,2.1216697692871094,225.27153542269295,179.37657416334196,0.46239003970981746
804,2.1209259033203125,2.1216697692871094,225.27153542269295,179.37657416334196,0.46239003970981746
805,2.1209259033203125,2.1216697692871094,225.27153542269295,179.37657416334196,0.46239003970981746
806,2.1209259033203125,2.1216697692871094,225.27153542269295,179.37657416334196,0.46239003970981746
807,2.1209259033203125,2.1216697692871094,225.27153542269295,179.37657416334196,0.46239003970981746
808,2.1209259033203125,2.1216697692871094,225.27153542269295,179.37657416334196,0.46239003970981746
809,2.1209259033203125,2.1216697692871094,225.27153542269295,179.37657416334196,0.46239003970981746
810,2.1209259033203125,2.1216697692871094,225.27153542269295,179.37657416334196,0.46239003970981746
811,2.1209259033203125,2.1216697692871094,225.27153542269295,179.37657416334196,0.46239003970981746
812,2.1209259033203125,2.1216697692871094,225.27153542269295,179.37657416334196,0.46239003970981746
813,2.1209259033203125,2.1216697692871094,225.27153542269295,179.37657416334196,0.46239003970981746
814,2.1209259033203125,2.1216697692871094,225.27153542269295,179.37657416334196,0.46239003970981746
815,2.1209259033203125,2.1216697692871094,225.27153542269295,179.37657416334196,0.46239003970981746
816,2.1209259033203125,2.1216697692871094,225.27153542269295,179.37657416334196,0.46239003970981746
817,2.1209259033203125,2.1216697692871094,225.27153542269295,179.37657416334196,0.46239003970981746
818,2.1209259033203125,2.1216697692871094,225.27153542269295,179.37657416334196,0.46239003970981746
819,2.1209259033203125,2.1216697692871094,225.27153542269295,179.37657416334196,0.46239003970981746
820,2.1209259033203125,2.1216697692871094,225.27153542269295,179.37657416334196,0.46239003970981746
821,2.1209259033203125,2.1216697692871094,225.27153542269295,179.37657416334196,0.46239003970981746
822,2.1209259033203125,2.1216697692871094,225.27153542269295,179.37657416334196,0.46239003970981746
823,2.1209259033203125,2.1216697692871094,225.27153542269295,179.37657416334196,0.46239003970981746
824,2.1209259033203125,2.1216697692871094,225.27153542269295,179.37657416334196,0.46239003970981746
825,2.1209259033203125,2.1216697692871094,225.27153542269295,179.37657416334196,0.46239003970981746
826,2.1209259033203125,2.1216697692871094,225.27153542269295,179.37657416334196,0.46239003970981746
827,2.1209259033203125,2.1216697692871094,225.27153542269295,179.37657416334196,0.46239003970981746
828,2.1209259033203125,2.1216697692871094,225.27153542269295,179.37657416334196,0.46239003970981746
829,2.1209259033203125,2.1216697692871094,225.27153542269295,179.37657416334196,0.46239003970981746
830,2.1209259033203125,2.1216697692871094,225.27153542269295,179.37657416334196,0.46239003970981746
831,2.1209259033203125,2.1216697692871094,225.27153542269295,179.37657416334196,0.46239003970981746
832,2.1209259033203125,2.1216697692871094,225.27153542269295,179.37657416334196,0.46239003970981746
833,2.1209259033203125,2.1216697692871094,225.27153542269295,179.37657416334196,0.46239003970981746
834,2.1209259033203125,2.1216697692871094,225.27153542269295,179.37657416334196,0.46239003970981746
835,2.1209259033203125,2.1216697692871094,225.27153542269295,179.37657416334196,0.46239003970981746
836,2.1209259033203125,2.1216697692871094,225.27153542269295,179.37657416334196,0.46239003970981746
837,2.1209259033203125,2.1216697692871094,225.27153542269295,179.37657416334196,0.46239003970981746
838,2.1209259033203125,2.1216697692871094,225.27153542269295,179.37657416334196,0.46239003970981746
839,2.1209259033203125,2.1216697692871094,225.27153542269295,179.37657416334196,0.46239003970981746
840,2.1209259033203125,2.1216697692871094,225.27153542269295,179.37657416334196,0.46239003970981746
841,2.1209259033203125,2.1216697692871094,225.27153542269295,179.37657416334196,0.46239003970981746
842,2.1209259033203125,2.1216697692871094,225.27153542269295,179.37657416334196,0.46239003970981746
843,2.1209259033203125,2.1216697692871094,225.27153542269295,179.37657416334196,0.46239003970981746
844,2.1209259033203125,2.1216697692871094,225.27153542269295,179.37657416334196,0.46239003970981746
845,2.1209259033203125,2.1216697692871094,225.27153542269295,179.37657416334196,0.46239003970981746
846,2.1209259033203125,2.1216697692871094,225.27153542269295,179.37657416334196,0.46239003970981746
847,2.1209259033203125,2.1216697692871094,225.27153542269295,179.37657416334196,0.46239003970981746
848,2.1209259033203125,2.1216697692871094,225.27153542269295,179.37657416334196,0.46239003970981746
849,2.1209259033203125,2.1216697692871094,225.27153542269295,179.37657416334196,0.46239003970981746
850,2.1209259033203125,2.1216697692871094,225.27153542269295,179.37657416334196,0.46239003970981746
851,2.1209259033203125,2.1216697692871094,225.27153542269295,179.37657416334196,0.46239003970981746
852,2.1209259033203125,2.1216697692871094,225.27153542269295,179.37657416334196,0.46239003970981746
853,2.1209259033203125,2.1216697692871094,225.27153542269295,179.37657416334196,0.46239003970981746
854,2.1209259033203125,2.1216697692871094,225.27153542269295,179.37657416334196,0.46239003970981746
855,2.1209259033203125,2.1216697692871094,225.27153542269295,179.37657416334196,0.46239003970981746
856,2.1209259033203125,2.1216697692871094,225.27153542269295,179.37657416334196,0.46239003970981746
857,2.1209259033203125,2.1216697692871094,225.27153542269295,179.37657416334196,0.46239003970981746
858,2.1209259033203125,2.1216697692871094,225.27153542269295,179.37657416334196,0.46239003970981746
859,2.1209259033203125,2.1216697692871094,225.27153542269295,179.37657416334196,0.46239003970981746
860,2.1209259033203125,2.1216697692871094,225.27153542269295,179.37657416334196,0.46239003970981746
861,2.1209259033203125,2.1216697692871094,225.27153542269295,179.37657416334196,0.46239003970981746
862,2.1209259033203125,2.1216697692871094,225.27153542269295,179.37657416334196,0.46239003970981746
863,2.1209259033203125,2.1216697692871094,225.27153542269295,179.37657416334196,0.46239003970981746
864,2.1209259033203125,2.1216697692871094,225.27153542269295,179.37657416334196,0.46239003970981746
865,2.1209259033203125,2.1216697692871094,225.27153542269295,179.37657416334196,0.46239003970981746
866,2.1209259033203125,2.1216697692871094,225.27153542269295,179.37657416334196,0.46239003970981746
867,2.1209259033203125,2.1216697692871094,225.27153542269295,179.37657416334196,0.46239003970981746
868,2.1209259033203125,2.1216697692871094,225.27153542269295,179.37657416334196,0.46239003970981746
869,2.1209259033203125,2.1216697692871094,225.27153542269295,179.37657416334196,0.46239003970981746
870,2.1209259033203125,2.1216697692871094,225.27153542269295,179.37657416334196,0.46239003970981746
871,2.1209259033203125,2.1216697692871094,225.27153542269295,179.37657416334196,0.46239003970981746
872,2.1209259033203125,2.1216697692871094,225.27153542269295,179.37657416334196,0.46239003970981746
873,2.1209259033203125,2.1216697692871094,225.27153542269295,179.37657416334196,0.46239003970981746
874,2.1209259033203125,2.1216697692871094,225.27153542269295,179.37657416334196,0.46239003970981746
875,2.1209259033203125,2.1216697692871094,225.27153542269295,179.37657416334196,0.46239003970981746
876,2.1209259033203125,2.1216697692871094,225.27153542269295,179.37657416334196,0.46239003970981746
877,2.1209259033203125,2.1216697692871094,225.27153542269295,179.37657416334196,0.46239003970981746
878,2.1209259033203125,2.1216697692871094,225.27153542269295,179.37657416334196,0.46239003970981746
879,2.1209259033203125,2.1216697692871094,225.27153542269295,179.37657416334196,0.46239003970981746
880,2.1209259033203125,2.1216697692871094,225.27153542269295,179.37657416334196,0.46239003970981746
881,2.1209259033203125,2.1216697692871094,225.27153542269295,179.37657416334196,0.46239003970981746
882,2.1209259033203125,2.1216697692871094,225.27153542269295,179.37657416334196,0.46239003970981746
883,2.1209259033203125,2.1216697692871094,225.27153542269295,179.37657416334196,0.46239003970981746
884,2.1209259033203125,2.1216697692871094,225.27153542269295,179.37657416334196,0.46239003970981746
885,2.1209259033203125,2.1216697692871094,225.27153542269295,179.37657416334196,0.46239003970981746
886,2.1209259033203125,2.1216697692871094,225.27153542269295,179.37657416334196,0.46239003970981746
887,2.1209259033203125,2.1216697692871094,225.27153542269295,179.37657416334196,0.46239003970981746
888,2.1209259033203125,2.1216697692871094,225.27153542269295,179.37657416334196,0.46239003970981746
889,2.1209259033203125,2.1216697692871094,225.27153542269295,179.37657416334196,0.46239003970981746
890,2.1209259033203125,2.1216697692871094,225.27153542269295,179.37657416334196,0.46239003970981746
891,2.1209259033203125,2.1216697692871094,225.27153542269295,179.37657416334196,0.46239003970981746
892,2.1209259033203125,2.1216697692871094,225.27153542269295,179.37657416334196,0.46239003970981746
893,2.1209259033203125,2.1216697692871094,225.27153542269295,179.37657416334196,0.46239003970981746
894,2.1209259033203125,2.1216697692871094,225.27153542269295,179.37657416334196,0.46239003970981746
895,2.1209259033203125,2.1216697692871094,225.27153542269295,179.37657416334196,0.46239003970981746
896,2.1209259033203125,2.1216697692871094,225.27153542269295,179.37657416334196,0.46239003970981746
897,2.1209259033203125,2.1216697692871094,225.27153542269295,179.37657416334196,0.46239003970981746
898,2.1209259033203125,2.1216697692871094,225.27153542269295,179.37657416334196,0.46239003970981746
899,2.1209259033203125,2.1216697692871094,225.27153542269295,179.37657416334196,0.46239003970981746
